{
  "FilterHeaders": [
    {
      "Header": "x-goog-update-updater",
      "IncludeInScript": false
    },
    {
      "Header": "x-goog-update-interactivity",
      "IncludeInScript": false
    },
    {
      "Header": "x-goog-update-appid",
      "IncludeInScript": false
    },
    {
      "Header": "x-goog-encode-response-if-executable",
      "IncludeInScript": false
    },
    {
      "Header": "x-goog-api-key",
      "IncludeInScript": false
    },
    {
      "Header": "user-agent",
      "IncludeInScript": false
    },
    {
      "Header": "sec-fetch-site",
      "IncludeInScript": false
    },
    {
      "Header": "sec-fetch-mode",
      "IncludeInScript": false
    },
    {
      "Header": "sec-fetch-dest",
      "IncludeInScript": false
    },
    {
      "Header": "sec-ch-ua-platform",
      "IncludeInScript": false
    },
    {
      "Header": "sec-ch-ua-mobile",
      "IncludeInScript": false
    },
    {
      "Header": "sec-ch-ua",
      "IncludeInScript": false
    },
    {
      "Header": "origin",
      "IncludeInScript": false
    },
    {
      "Header": "if-none-match",
      "IncludeInScript": false
    },
    {
      "Header": "accept-language",
      "IncludeInScript": false
    },
    {
      "Header": "accept-encoding",
      "IncludeInScript": false
    },
    {
      "Header": "accept",
      "IncludeInScript": false
    },
    {
      "Header": "a-im",
      "IncludeInScript": false
    }
  ],
  "FilterResources": [
    {
      "IsNonResource": false,
      "type": "text/plain"
    },
    {
      "IsNonResource": false,
      "type": "text/javascript"
    },
    {
      "IsNonResource": false,
      "type": "text/css"
    },
    {
      "IsNonResource": false,
      "type": "image/svg+xml"
    },
    {
      "IsNonResource": false,
      "type": "image/jpeg"
    },
    {
      "IsNonResource": false,
      "type": "font/woff2"
    },
    {
      "IsNonResource": true,
      "type": "application/json"
    }
  ],
  "GeneralInfo": {
    "BrowserVersion": "",
    "IsWinInetMode": false,
    "MaxUsedConnections": 15,
    "RecordedBrowser": "Chrome",
    "RecordingDate": "Feb-05-2024",
    "RecordingDuration": 84235,
    "RecordingMode": "N/A",
    "RecordingTimeStamp": 1707125122,
    "RecordingType": "Browser",
    "TotalBytesReceived": 161487,
    "TotalBytesSent": 23540,
    "TotalRequests": 17,
    "UserAgent": "Mozilla/5.0 (Windows NT 10.0; Win64; x64) AppleWebKit/537.36 (KHTML, like Gecko) Chrome/121.0.0.0 Safari/537.36"
  },
  "HostInfo": [
    {
      "DomainName": "gstatic.com",
      "Domains": [
        {
          "HTTPVersion": "HTTP/1.1",
          "IP": "142.250.195.195",
          "IncludeInScript": true,
          "Name": "www.gstatic.com",
          "Port": 443,
          "Requests": [
            {
              "CompressionType": "gzip",
              "DataType": "text/javascript",
              "DownloadTime": 32,
              "EventId": 30,
              "HttpStatus": 200,
              "Size": 78859,
              "URL": "https://www.gstatic.com/og/_/js/k=og.qtm.en_US.ZEEp2pdSHOQ.2019.O/rt=j/m=qabr,q_d,qcwid,qapid,qald,q_dg/exm=qaaw,qadd,qaid,qein,qhaw,qhba,qhbr,qhch,qhga,qhid,qhin/d=1/ed=1/rs=AA2YrTvRRKYp7I5vTn-AtFvme6Qlo6hq9Q"
            },
            {
              "CompressionType": "gzip",
              "DataType": "text/css",
              "DownloadTime": 62,
              "EventId": 26,
              "HttpStatus": 200,
              "Size": 640,
              "URL": "https://www.gstatic.com/og/_/ss/k=og.qtm.8RUPaHb7e5o.L.W.O/m=qcwid/excm=qaaw,qadd,qaid,qein,qhaw,qhba,qhbr,qhch,qhga,qhid,qhin/d=1/ed=1/ct=zgms/rs=AA2YrTungzasoekTaLKrPFUaQFpakqDmnA"
            }
          ],
          "SSLCipher": "TLS_AES_256_GCM_SHA384",
          "SSLVersion": "TLS1.3"
        },
        {
          "HTTPVersion": "HTTP/1.1",
          "IP": "142.250.183.227",
          "IncludeInScript": true,
          "Name": "fonts.gstatic.com",
          "Port": 443,
          "Requests": [
            {
              "CompressionType": "gzip",
              "DataType": "image/svg+xml",
              "DownloadTime": 47,
              "EventId": 303,
              "HttpStatus": 200,
              "Size": 356,
              "URL": "https://fonts.gstatic.com/s/i/productlogos/youtube/v9/192px.svg"
            },
            {
              "CompressionType": "gzip",
              "DataType": "image/svg+xml",
              "DownloadTime": 31,
              "EventId": 301,
              "HttpStatus": 200,
              "Size": 438,
              "URL": "https://fonts.gstatic.com/s/i/productlogos/googleg/v6/24px.svg"
            },
            {
              "CompressionType": "",
              "DataType": "font/woff2",
              "DownloadTime": 63,
              "EventId": 256,
              "HttpStatus": 200,
              "Size": 21464,
              "URL": "https://fonts.gstatic.com/s/googlesans/v14/4UaGrENHsxJlGDuGo1OIlL3Owp4.woff2"
            }
          ],
          "SSLCipher": "TLS_AES_256_GCM_SHA384",
          "SSLVersion": "TLS1.3"
        },
        {
          "HTTPVersion": "HTTP/1.1",
          "IP": "172.217.163.174",
          "IncludeInScript": true,
          "Name": "encrypted-tbn0.gstatic.com",
          "Port": 443,
          "Requests": [
            {
              "CompressionType": "",
              "DataType": "image/jpeg",
              "DownloadTime": 31,
              "EventId": 224,
              "HttpStatus": 200,
              "Size": 2426,
              "URL": "https://encrypted-tbn0.gstatic.com/images?q=tbn:ANd9GcQc7aSvkglLYBXhrgHtoijLpCK_HKD_Zss9ro9w7fc&s=10"
            },
            {
              "CompressionType": "",
              "DataType": "image/jpeg",
              "DownloadTime": 31,
              "EventId": 220,
              "HttpStatus": 200,
              "Size": 2212,
              "URL": "https://encrypted-tbn0.gstatic.com/images?q=tbn:ANd9GcSt4Zvuqg17L8xiVfbOLSa2Ljl60znIOJHhMXuDqX70yrRBHrTowpAOX2w&s=10"
            },
            {
              "CompressionType": "",
              "DataType": "image/jpeg",
              "DownloadTime": 47,
              "EventId": 217,
              "HttpStatus": 200,
              "Size": 1801,
              "URL": "https://encrypted-tbn0.gstatic.com/images?q=tbn:ANd9GcRfwK31jSJoDS3wX4ZH2v5k49PLfabZSu90SO1eas4kL7IzpqiVbtXHE2Q&s=10"
            },
            {
              "CompressionType": "",
              "DataType": "image/jpeg",
              "DownloadTime": 16,
              "EventId": 213,
              "HttpStatus": 200,
              "Size": 2234,
              "URL": "https://encrypted-tbn0.gstatic.com/images?q=tbn:ANd9GcRlgZ1SJEvRn2_isOlZ5L7hfWkcnd-87VcUEcC7Rt_eE-UFwh4-u1N4j4wC&s=10"
            }
          ],
          "SSLCipher": "TLS_AES_256_GCM_SHA384",
          "SSLVersion": "TLS1.3"
        }
      ],
      "IncludeInScript": true
    },
    {
      "DomainName": "googleusercontent.com",
      "Domains": [
        {
          "HTTPVersion": "HTTP/1.1",
          "IP": "216.58.196.161",
          "IncludeInScript": true,
          "Name": "lh5.googleusercontent.com",
          "Port": 443,
          "Requests": [
            {
              "CompressionType": "",
              "DataType": "image/jpeg",
              "DownloadTime": 47,
              "EventId": 232,
              "HttpStatus": 200,
              "Size": 7638,
              "URL": "https://lh5.googleusercontent.com/p/AF1QipORjSliv1rRditQBc53zc97FH9h9Gm-56kJvMQH=w92-h92-n-k-no"
            }
          ],
          "SSLCipher": "TLS_AES_256_GCM_SHA384",
          "SSLVersion": "TLS1.3"
        }
      ],
      "IncludeInScript": false
    },
    {
      "DomainName": "googleapis.com",
      "Domains": [
        {
          "HTTPVersion": "HTTP/1.1",
          "IP": "142.250.76.35",
          "IncludeInScript": true,
          "Name": "update.googleapis.com",
          "Port": 443,
          "Requests": [
            {
              "CompressionType": "gzip",
              "DataType": "application/json",
              "DownloadTime": 234,
              "EventId": 343,
              "HttpStatus": 200,
              "Size": 171,
              "URL": "https://update.googleapis.com/service/update2/json"
            },
            {
              "CompressionType": "gzip",
              "DataType": "application/json",
              "DownloadTime": 281,
              "EventId": 242,
              "HttpStatus": 200,
              "Size": 1950,
              "URL": "https://update.googleapis.com/service/update2/json?cup2key=13:hPmQwZRwnyeZkRhdeYKC8o5xE4PZbm6QgbaNRu1ZqHE&cup2hreq=ef0412260093a7842a6f7360569ba3069c40635a19bb46d03c6bb7628d425171"
            }
          ],
          "SSLCipher": "TLS_AES_256_GCM_SHA384",
          "SSLVersion": "TLS1.3"
        },
        {
          "HTTPVersion": "HTTP/1.1",
          "IP": "142.250.182.10",
          "IncludeInScript": true,
          "Name": "content-autofill.googleapis.com",
          "Port": 443,
          "Requests": [
            {
              "CompressionType": "gzip",
              "DataType": "text/plain",
              "DownloadTime": 219,
              "EventId": 309,
              "HttpStatus": 200,
              "Size": 36,
              "URL": "https://content-autofill.googleapis.com/v1/pages/ChVDaHJvbWUvMTIxLjAuNjE2Ny4xNDASGQlL1An4iaKj4hIFDUqFnlIhoEC7x3ryJrM=?alt=proto"
            }
          ],
          "SSLCipher": "TLS_AES_256_GCM_SHA384",
          "SSLVersion": "TLS1.3"
        },
        {
          "HTTPVersion": "HTTP/1.1",
          "IP": "142.250.195.99",
          "IncludeInScript": true,
          "Name": "clientservices.googleapis.com",
          "Port": 443,
          "Requests": [
            {
              "CompressionType": "",
              "DataType": "",
              "DownloadTime": 250,
              "EventId": 22,
              "HttpStatus": 304,
              "Size": 0,
              "URL": "https://clientservices.googleapis.com/chrome-variations/seed?osname=win&channel=stable&milestone=121"
            }
          ],
          "SSLCipher": "TLS_AES_256_GCM_SHA384",
          "SSLVersion": "TLS1.3"
        }
      ],
      "IncludeInScript": true
    },
    {
      "DomainName": "google.com",
      "Domains": [
        {
          "HTTPVersion": "HTTP/1.1",
          "IP": "142.250.193.110",
          "IncludeInScript": true,
          "Name": "play.google.com",
          "Port": 443,
          "Requests": [
            {
              "CompressionType": "gzip",
              "DataType": "text/plain",
              "DownloadTime": 141,
              "EventId": 162,
              "HttpStatus": 200,
              "Size": 131,
              "URL": "https://play.google.com/log?format=json&hasfast=true"
            }
          ],
          "SSLCipher": "TLS_AES_256_GCM_SHA384",
          "SSLVersion": "TLS1.3"
        },
        {
          "HTTPVersion": "HTTP/1.1",
          "IP": "172.217.13.163",
          "IncludeInScript": true,
          "Name": "id.google.com",
          "Port": 443,
          "Requests": [
            {
              "CompressionType": "",
              "DataType": "text/plain",
              "DownloadTime": 359,
              "EventId": 311,
              "HttpStatus": 204,
              "Size": 0,
              "URL": "https://id.google.com/verify/ANsg4T5fK_5WuGLym8XC5yNdfQYpMo4IWWxtzvIICDwzemzkwyzb6OLpKlrl3TVEuzG__-FuHc0KZ23N8y2Bqehksp1arJXiVLp_NVGyX5QxjYtqg7bEfQ"
            }
          ],
          "SSLCipher": "TLS_AES_256_GCM_SHA384",
          "SSLVersion": "TLS1.3"
        },
        {
          "HTTPVersion": "HTTP/1.1",
          "IP": "142.250.182.110",
          "IncludeInScript": true,
          "Name": "apis.google.com",
          "Port": 443,
          "Requests": [
            {
              "CompressionType": "gzip",
              "DataType": "text/javascript",
              "DownloadTime": 31,
              "EventId": 103,
              "HttpStatus": 200,
              "Size": 41131,
              "URL": "https://apis.google.com/_/scs/abc-static/_/js/k=gapi.gapi.en.GsbA68hXs80.O/m=gapi_iframes,googleapis_client/rt=j/sv=1/d=1/ed=1/rs=AHpOoo899t-H8Lxb3OqzMDuPn6TV_i36ag/cb=gapi.loaded_0"
            }
          ],
          "SSLCipher": "TLS_AES_256_GCM_SHA384",
          "SSLVersion": "TLS1.3"
        }
      ],
      "IncludeInScript": true
    }
  ],
  "WebSocket": {
    "IncludeInScript": false,
    "IsScriptIncludeWebSocket": false
  },
  "NumberOfCorrelations": 0
}