{"ads":[{"active":"1","ad_via_link":"https://discover.buysellads.com/carbon?utm_source=reqres-in-custom\u0026utm_medium=ad_via_link\u0026utm_campaign=in_unit\u0026utm_term=custom","external_id":"5581","height":"0","identifier":"32eefbddc7ed2ec869a4a675088c19bb","longimp":"TTNSDEIHTTTTTT33TG3CPTTTTTT44TO4KWTTTTTT6T3A67VTTTTTT","noincrement":"1","num_slots":"1","rendering":"custom","statimp":"//srv.buysellads.com/ads/imp/x/GTND427ECA7DP53JCWSLYKQUCTSI6KQICYYD4Z3JCAYD5KJJCKSDTKQKC6BDK2QICYBIV2JWF6AD6K7YCV7IK2JIHEYI5K3UCVYIC2JECTNCLSZE5QLUCASQ2RUT","statview":"//srv.buysellads.com/ads/viewable/x/GTND427ECA7DP53JCWSLYKQUCTSI6KQICYYD4Z3JCAYD5KJJCKSDTKQKC6BDK2QICYBIV2JWF6AD6K7YCV7IK2JIHEYI5K3UCVYIC2JECTNFKBZH5REN6SDH","timestamp":"1707213839","width":"0","zoneid":"45581","zonekey":"CEBIP53J"},{}]}