{
  "FilterHeaders": [
    {
      "Header": "x-origin",
      "IncludeInScript": false
    },
    {
      "Header": "x-goog-update-updater",
      "IncludeInScript": false
    },
    {
      "Header": "x-goog-update-interactivity",
      "IncludeInScript": false
    },
    {
      "Header": "x-goog-update-appid",
      "IncludeInScript": false
    },
    {
      "Header": "x-goog-encode-response-if-executable",
      "IncludeInScript": false
    },
    {
      "Header": "x-goog-api-key",
      "IncludeInScript": false
    },
    {
      "Header": "x-client-data",
      "IncludeInScript": false
    },
    {
      "Header": "x-client",
      "IncludeInScript": false
    },
    {
      "Header": "user-agent",
      "IncludeInScript": false
    },
    {
      "Header": "upgrade-insecure-requests",
      "IncludeInScript": false
    },
    {
      "Header": "sec-fetch-user",
      "IncludeInScript": false
    },
    {
      "Header": "sec-fetch-site",
      "IncludeInScript": false
    },
    {
      "Header": "sec-fetch-mode",
      "IncludeInScript": false
    },
    {
      "Header": "sec-fetch-dest",
      "IncludeInScript": false
    },
    {
      "Header": "sec-ch-ua-platform",
      "IncludeInScript": false
    },
    {
      "Header": "sec-ch-ua-mobile",
      "IncludeInScript": false
    },
    {
      "Header": "sec-ch-ua",
      "IncludeInScript": false
    },
    {
      "Header": "pragma",
      "IncludeInScript": false
    },
    {
      "Header": "origin",
      "IncludeInScript": false
    },
    {
      "Header": "if-none-match",
      "IncludeInScript": false
    },
    {
      "Header": "content-encoding",
      "IncludeInScript": false
    },
    {
      "Header": "cache-control",
      "IncludeInScript": false
    },
    {
      "Header": "authorization",
      "IncludeInScript": false
    },
    {
      "Header": "access-control-request-method",
      "IncludeInScript": false
    },
    {
      "Header": "access-control-request-headers",
      "IncludeInScript": false
    },
    {
      "Header": "accept-language",
      "IncludeInScript": false
    },
    {
      "Header": "accept-encoding",
      "IncludeInScript": false
    },
    {
      "Header": "accept",
      "IncludeInScript": false
    },
    {
      "Header": "a-im",
      "IncludeInScript": false
    }
  ],
  "FilterResources": [
    {
      "IsNonResource": false,
      "type": "text/plain"
    },
    {
      "IsNonResource": false,
      "type": "text/javascript"
    },
    {
      "IsNonResource": true,
      "type": "text/html"
    },
    {
      "IsNonResource": false,
      "type": "text/css"
    },
    {
      "IsNonResource": false,
      "type": "image/svg+xml"
    },
    {
      "IsNonResource": false,
      "type": "image/png"
    },
    {
      "IsNonResource": false,
      "type": "image/jpeg"
    },
    {
      "IsNonResource": false,
      "type": "font/woff2"
    },
    {
      "IsNonResource": false,
      "type": "application/x-gzip"
    },
    {
      "IsNonResource": false,
      "type": "application/vnd.google.octet-stream-compressible"
    },
    {
      "IsNonResource": false,
      "type": "application/pkix-cert"
    },
    {
      "IsNonResource": true,
      "type": "application/json"
    },
    {
      "IsNonResource": false,
      "type": "application/javascript"
    }
  ],
  "GeneralInfo": {
    "BrowserVersion": "",
    "IsWinInetMode": false,
    "MaxUsedConnections": 36,
    "RecordedBrowser": "Chrome",
    "RecordingDate": "Feb-06-2024",
    "RecordingDuration": 402687,
    "RecordingMode": "N/A",
    "RecordingTimeStamp": 1707202528,
    "RecordingType": "Browser",
    "TotalBytesReceived": 721642,
    "TotalBytesSent": 55421,
    "TotalRequests": 62,
    "UserAgent": "Mozilla/5.0 (Windows NT 10.0; Win64; x64) AppleWebKit/537.36 (KHTML, like Gecko) Chrome/121.0.0.0 Safari/537.36"
  },
  "HostInfo": [
    {
      "DomainName": "unpkg.com",
      "Domains": [
        {
          "HTTPVersion": "HTTP/1.1",
          "IP": "104.16.124.175",
          "IncludeInScript": true,
          "Name": "unpkg.com",
          "Port": 443,
          "Requests": [
            {
              "CompressionType": "br",
              "DataType": "application/json",
              "DownloadTime": 47,
              "EventId": 1078,
              "HttpStatus": 200,
              "Size": 13558,
              "URL": "https://unpkg.com/@babel/runtime@7.23.9/?meta"
            },
            {
              "CompressionType": "br",
              "DataType": "application/json",
              "DownloadTime": 63,
              "EventId": 1071,
              "HttpStatus": 200,
              "Size": 1334,
              "URL": "https://unpkg.com/react@17.0.0/?meta"
            },
            {
              "CompressionType": "br",
              "DataType": "application/json",
              "DownloadTime": 63,
              "EventId": 1047,
              "HttpStatus": 200,
              "Size": 872,
              "URL": "https://unpkg.com/@babel/core@7.23.9/package.json"
            },
            {
              "CompressionType": "br",
              "DataType": "application/json",
              "DownloadTime": 31,
              "EventId": 1041,
              "HttpStatus": 200,
              "Size": 3848,
              "URL": "https://unpkg.com/@babel/runtime@7.23.9/package.json"
            },
            {
              "CompressionType": "",
              "DataType": "text/plain",
              "DownloadTime": 32,
              "EventId": 1035,
              "HttpStatus": 302,
              "Size": 57,
              "URL": "https://unpkg.com/@babel/runtime@%5E7.3.1/package.json"
            },
            {
              "CompressionType": "",
              "DataType": "text/plain",
              "DownloadTime": 63,
              "EventId": 1031,
              "HttpStatus": 302,
              "Size": 54,
              "URL": "https://unpkg.com/@babel/core@%5E7.3.3/package.json"
            }
          ],
          "SSLCipher": "TLS_AES_256_GCM_SHA384",
          "SSLVersion": "TLS1.3"
        }
      ],
      "IncludeInScript": true
    },
    {
      "DomainName": "stripe.com",
      "Domains": [
        {
          "HTTPVersion": "HTTP/1.1",
          "IP": "18.161.246.53",
          "IncludeInScript": true,
          "Name": "js.stripe.com",
          "Port": 443,
          "Requests": [
            {
              "CompressionType": "br",
              "DataType": "text/javascript",
              "DownloadTime": 47,
              "EventId": 699,
              "HttpStatus": 200,
              "Size": 315,
              "URL": "https://js.stripe.com/v3/fingerprinted/js/m-outer-15a2b40a058ddff1cffdb63779fe3de1.js"
            },
            {
              "CompressionType": "br",
              "DataType": "text/html",
              "DownloadTime": 62,
              "EventId": 684,
              "HttpStatus": 200,
              "Size": 154,
              "URL": "https://js.stripe.com/v3/m-outer-3437aaddcdf6922d623e172c2d6f9278.html"
            },
            {
              "CompressionType": "br",
              "DataType": "text/javascript",
              "DownloadTime": 31,
              "EventId": 552,
              "HttpStatus": 200,
              "Size": 166676,
              "URL": "https://js.stripe.com/v3/"
            }
          ],
          "SSLCipher": "",
          "SSLVersion": ""
        }
      ],
      "IncludeInScript": true
    },
    {
      "DomainName": "servedby-buysellads.com",
      "Domains": [
        {
          "HTTPVersion": "HTTP/1.1",
          "IP": "108.158.251.128",
          "IncludeInScript": true,
          "Name": "m.servedby-buysellads.com",
          "Port": 443,
          "Requests": [
            {
              "CompressionType": "gzip",
              "DataType": "application/javascript",
              "DownloadTime": 15,
              "EventId": 550,
              "HttpStatus": 200,
              "Size": 7150,
              "URL": "https://m.servedby-buysellads.com/monetization.custom.js"
            }
          ],
          "SSLCipher": "",
          "SSLVersion": ""
        }
      ],
      "IncludeInScript": true
    },
    {
      "DomainName": "reqres.in",
      "Domains": [
        {
          "HTTPVersion": "HTTP/1.1",
          "IP": "104.26.11.213",
          "IncludeInScript": true,
          "Name": "reqres.in",
          "Port": 443,
          "Requests": [
            {
              "CompressionType": "br",
              "DataType": "application/json",
              "DownloadTime": 656,
              "EventId": 1305,
              "HttpStatus": 200,
              "Size": 77,
              "URL": "https://reqres.in/api/users/2"
            },
            {
              "CompressionType": "",
              "DataType": "application/json",
              "DownloadTime": 344,
              "EventId": 1303,
              "HttpStatus": 201,
              "Size": 83,
              "URL": "https://reqres.in/api/users"
            },
            {
              "CompressionType": "br",
              "DataType": "application/json",
              "DownloadTime": 47,
              "EventId": 1294,
              "HttpStatus": 200,
              "Size": 192,
              "URL": "https://reqres.in/api/users/2"
            },
            {
              "CompressionType": "br",
              "DataType": "text/html",
              "DownloadTime": 406,
              "EventId": 1114,
              "HttpStatus": 404,
              "Size": 1892,
              "URL": "https://reqres.in/favicon.ico"
            },
            {
              "CompressionType": "br",
              "DataType": "application/json",
              "DownloadTime": 31,
              "EventId": 643,
              "HttpStatus": 200,
              "Size": 366,
              "URL": "https://reqres.in/api/users?page=2"
            },
            {
              "CompressionType": "br",
              "DataType": "application/javascript",
              "DownloadTime": 375,
              "EventId": 631,
              "HttpStatus": 200,
              "Size": 2649,
              "URL": "https://reqres.in/js/app.js"
            },
            {
              "CompressionType": "gzip",
              "DataType": "application/javascript",
              "DownloadTime": 16,
              "EventId": 621,
              "HttpStatus": 200,
              "Size": 655,
              "URL": "https://reqres.in/cdn-cgi/scripts/5c5dd728/cloudflare-static/email-decode.min.js"
            },
            {
              "CompressionType": "",
              "DataType": "image/jpeg",
              "DownloadTime": 344,
              "EventId": 586,
              "HttpStatus": 200,
              "Size": 41104,
              "URL": "https://reqres.in/img/swagger-logo-horizontal.jpeg"
            },
            {
              "CompressionType": "br",
              "DataType": "text/css",
              "DownloadTime": 344,
              "EventId": 573,
              "HttpStatus": 200,
              "Size": 3888,
              "URL": "https://reqres.in/css/app.css"
            },
            {
              "CompressionType": "",
              "DataType": "image/png",
              "DownloadTime": 312,
              "EventId": 565,
              "HttpStatus": 200,
              "Size": 17409,
              "URL": "https://reqres.in/img/logo.png"
            },
            {
              "CompressionType": "br",
              "DataType": "text/html",
              "DownloadTime": 359,
              "EventId": 509,
              "HttpStatus": 200,
              "Size": 7135,
              "URL": "https://reqres.in/"
            }
          ],
          "SSLCipher": "",
          "SSLVersion": ""
        }
      ],
      "IncludeInScript": true
    },
    {
      "DomainName": "mailchimp.com",
      "Domains": [
        {
          "HTTPVersion": "HTTP/1.1",
          "IP": "18.161.229.89",
          "IncludeInScript": true,
          "Name": "cdn-images.mailchimp.com",
          "Port": 443,
          "Requests": [
            {
              "CompressionType": "gzip",
              "DataType": "text/css",
              "DownloadTime": 16,
              "EventId": 637,
              "HttpStatus": 200,
              "Size": 1258,
              "URL": "https://cdn-images.mailchimp.com/embedcode/classic-10_7.css"
            }
          ],
          "SSLCipher": "",
          "SSLVersion": ""
        }
      ],
      "IncludeInScript": true
    },
    {
      "DomainName": "jsdelivr.net",
      "Domains": [
        {
          "HTTPVersion": "HTTP/1.1",
          "IP": "199.232.105.229",
          "IncludeInScript": true,
          "Name": "cdn.jsdelivr.net",
          "Port": 443,
          "Requests": [
            {
              "CompressionType": "br",
              "DataType": "image/svg+xml",
              "DownloadTime": 47,
              "EventId": 877,
              "HttpStatus": 200,
              "Size": 987,
              "URL": "https://cdn.jsdelivr.net/gh/PKief/vscode-material-icon-theme@master/icons/typescript.svg"
            },
            {
              "CompressionType": "br",
              "DataType": "image/svg+xml",
              "DownloadTime": 47,
              "EventId": 875,
              "HttpStatus": 200,
              "Size": 184,
              "URL": "https://cdn.jsdelivr.net/gh/PKief/vscode-material-icon-theme@master/icons/npm.svg"
            },
            {
              "CompressionType": "br",
              "DataType": "image/svg+xml",
              "DownloadTime": 31,
              "EventId": 870,
              "HttpStatus": 200,
              "Size": 178,
              "URL": "https://cdn.jsdelivr.net/gh/PKief/vscode-material-icon-theme@master/icons/css.svg"
            }
          ],
          "SSLCipher": "",
          "SSLVersion": ""
        }
      ],
      "IncludeInScript": true
    },
    {
      "DomainName": "heroku.com",
      "Domains": [
        {
          "HTTPVersion": "HTTP/1.1",
          "IP": "52.30.5.162",
          "IncludeInScript": true,
          "Name": "nel.heroku.com",
          "Port": 443,
          "Requests": [
            {
              "CompressionType": "",
              "DataType": "text/plain",
              "DownloadTime": 156,
              "EventId": 707,
              "HttpStatus": 204,
              "Size": 0,
              "URL": "https://nel.heroku.com/reports?ts=1707118570&sid=c4c9725f-1ab0-44d8-820f-430df2718e11&s=rg1v3LSfhYWAKYNLCxCcqdZSN8n8tixXrVjweAK0ipU%3D"
            },
            {
              "CompressionType": "",
              "DataType": "",
              "DownloadTime": 172,
              "EventId": 697,
              "HttpStatus": 200,
              "Size": 0,
              "URL": "https://nel.heroku.com/reports?ts=1707118570&sid=c4c9725f-1ab0-44d8-820f-430df2718e11&s=rg1v3LSfhYWAKYNLCxCcqdZSN8n8tixXrVjweAK0ipU%3D"
            }
          ],
          "SSLCipher": "",
          "SSLVersion": ""
        }
      ],
      "IncludeInScript": true
    },
    {
      "DomainName": "gstatic.com",
      "Domains": [
        {
          "HTTPVersion": "HTTP/1.1",
          "IP": "142.250.183.227",
          "IncludeInScript": true,
          "Name": "fonts.gstatic.com",
          "Port": 443,
          "Requests": [
            {
              "CompressionType": "",
              "DataType": "font/woff2",
              "DownloadTime": 46,
              "EventId": 940,
              "HttpStatus": 200,
              "Size": 15860,
              "URL": "https://fonts.gstatic.com/s/roboto/v30/KFOlCnqEu92Fr1MmWUlfBBc4.woff2"
            },
            {
              "CompressionType": "",
              "DataType": "font/woff2",
              "DownloadTime": 47,
              "EventId": 922,
              "HttpStatus": 200,
              "Size": 15744,
              "URL": "https://fonts.gstatic.com/s/roboto/v30/KFOmCnqEu92Fr1Mu4mxK.woff2"
            },
            {
              "CompressionType": "",
              "DataType": "font/woff2",
              "DownloadTime": 32,
              "EventId": 904,
              "HttpStatus": 200,
              "Size": 15920,
              "URL": "https://fonts.gstatic.com/s/roboto/v30/KFOlCnqEu92Fr1MmEU9fBBc4.woff2"
            }
          ],
          "SSLCipher": "TLS_AES_256_GCM_SHA384",
          "SSLVersion": "TLS1.3"
        }
      ],
      "IncludeInScript": true
    },
    {
      "DomainName": "googletagmanager.com",
      "Domains": [
        {
          "HTTPVersion": "HTTP/1.1",
          "IP": "142.250.182.104",
          "IncludeInScript": true,
          "Name": "www.googletagmanager.com",
          "Port": 443,
          "Requests": [
            {
              "CompressionType": "br",
              "DataType": "application/javascript",
              "DownloadTime": 78,
              "EventId": 762,
              "HttpStatus": 200,
              "Size": 70086,
              "URL": "https://www.googletagmanager.com/gtag/js?id=UA-174008107-1"
            },
            {
              "CompressionType": "br",
              "DataType": "application/javascript",
              "DownloadTime": 78,
              "EventId": 717,
              "HttpStatus": 200,
              "Size": 53496,
              "URL": "https://www.googletagmanager.com/gtm.js?id=GTM-KB622KF"
            }
          ],
          "SSLCipher": "",
          "SSLVersion": ""
        }
      ],
      "IncludeInScript": true
    },
    {
      "DomainName": "googleapis.com",
      "Domains": [
        {
          "HTTPVersion": "HTTP/1.1",
          "IP": "142.250.76.35",
          "IncludeInScript": true,
          "Name": "update.googleapis.com",
          "Port": 80,
          "Requests": [
            {
              "CompressionType": "gzip",
              "DataType": "application/json",
              "DownloadTime": 266,
              "EventId": 1119,
              "HttpStatus": 200,
              "Size": 831,
              "URL": "http://update.googleapis.com/service/update2/json?cup2key=13:FIJKeTnAjcuGFwkxpW7HQdzwUpI76NE9WIfzOiu3hvM&cup2hreq=07a9179662dcc7baf9b9d8d8f99d7596b8e36b050200c98cb63b86ec717a0551"
            }
          ],
          "SSLCipher": "None",
          "SSLVersion": "None"
        },
        {
          "HTTPVersion": "HTTP/1.1",
          "IP": "142.250.196.74",
          "IncludeInScript": true,
          "Name": "fonts.googleapis.com",
          "Port": 443,
          "Requests": [
            {
              "CompressionType": "gzip",
              "DataType": "text/css",
              "DownloadTime": 78,
              "EventId": 679,
              "HttpStatus": 200,
              "Size": 858,
              "URL": "https://fonts.googleapis.com/css?family=Roboto:300,400,500,700|Source%20Code%20Pro:500"
            }
          ],
          "SSLCipher": "",
          "SSLVersion": ""
        },
        {
          "HTTPVersion": "HTTP/1.1",
          "IP": "142.250.193.106",
          "IncludeInScript": true,
          "Name": "content-autofill.googleapis.com",
          "Port": 443,
          "Requests": [
            {
              "CompressionType": "gzip",
              "DataType": "text/plain",
              "DownloadTime": 110,
              "EventId": 1301,
              "HttpStatus": 200,
              "Size": 84,
              "URL": "https://content-autofill.googleapis.com/v1/pages/ChVDaHJvbWUvMTIxLjAuNjE2Ny4xNDASNQksD-n7FCVExhIFDQbtu_8SBQ2RYZVOEgUNkWGVThIFDZFhlU4SBQ2UkJL6IRSfFAmcm5-REjUJfzzqj0LVunISBQ0G7bv_EgUNkWGVThIFDZFhlU4SBQ2RYZVOEgUNlJCS-iEUnxQJnJufkQ==?alt=proto"
            },
            {
              "CompressionType": "gzip",
              "DataType": "text/plain",
              "DownloadTime": 250,
              "EventId": 1299,
              "HttpStatus": 200,
              "Size": 68,
              "URL": "https://content-autofill.googleapis.com/v1/pages/ChVDaHJvbWUvMTIxLjAuNjE2Ny4xNDASJwmmDSrmN6FiMRIFDZFhlU4SBQ2RYZVOEgUNlJCS-iHmYtxJlY-mexInCRGeYVDQwopZEgUNkWGVThIFDZFhlU4SBQ2UkJL6IeZi3EmVj6Z7?alt=proto"
            }
          ],
          "SSLCipher": "",
          "SSLVersion": ""
        },
        {
          "HTTPVersion": "HTTP/1.1",
          "IP": "142.250.195.99",
          "IncludeInScript": true,
          "Name": "clientservices.googleapis.com",
          "Port": 443,
          "Requests": [
            {
              "CompressionType": "",
              "DataType": "application/x-gzip",
              "DownloadTime": 235,
              "EventId": 506,
              "HttpStatus": 200,
              "Size": 1468,
              "URL": "https://clientservices.googleapis.com/chrome-variations/seed?osname=win&channel=stable&milestone=121"
            }
          ],
          "SSLCipher": "",
          "SSLVersion": ""
        }
      ],
      "IncludeInScript": true
    },
    {
      "DomainName": "google.com",
      "Domains": [
        {
          "HTTPVersion": "HTTP/1.1",
          "IP": "142.250.205.238",
          "IncludeInScript": true,
          "Name": "clients4.google.com",
          "Port": 443,
          "Requests": [
            {
              "CompressionType": "gzip",
              "DataType": "application/vnd.google.octet-stream-compressible",
              "DownloadTime": 422,
              "EventId": 1023,
              "HttpStatus": 200,
              "Size": 1132,
              "URL": "https://clients4.google.com/chrome-sync/command/?client=Google+Chrome&client_id=tRolqVEUduhk43ZiNNi2wA%3D%3D"
            },
            {
              "CompressionType": "gzip",
              "DataType": "application/vnd.google.octet-stream-compressible",
              "DownloadTime": 453,
              "EventId": 954,
              "HttpStatus": 200,
              "Size": 328,
              "URL": "https://clients4.google.com/chrome-sync/command/?client=Google+Chrome&client_id=tRolqVEUduhk43ZiNNi2wA%3D%3D"
            },
            {
              "CompressionType": "gzip",
              "DataType": "application/vnd.google.octet-stream-compressible",
              "DownloadTime": 375,
              "EventId": 918,
              "HttpStatus": 200,
              "Size": 385,
              "URL": "https://clients4.google.com/chrome-sync/command/?client=Google+Chrome&client_id=tRolqVEUduhk43ZiNNi2wA%3D%3D"
            },
            {
              "CompressionType": "gzip",
              "DataType": "application/vnd.google.octet-stream-compressible",
              "DownloadTime": 328,
              "EventId": 895,
              "HttpStatus": 200,
              "Size": 255,
              "URL": "https://clients4.google.com/chrome-sync/command/?client=Google+Chrome&client_id=tRolqVEUduhk43ZiNNi2wA%3D%3D"
            }
          ],
          "SSLCipher": "",
          "SSLVersion": ""
        },
        {
          "HTTPVersion": "HTTP/1.1",
          "IP": "74.125.200.84",
          "IncludeInScript": true,
          "Name": "accounts.google.com",
          "Port": 443,
          "Requests": [
            {
              "CompressionType": "gzip",
              "DataType": "application/json",
              "DownloadTime": 203,
              "EventId": 501,
              "HttpStatus": 200,
              "Size": 191,
              "URL": "https://accounts.google.com/ListAccounts?gpsia=1&source=ChromiumBrowser&json=standard"
            }
          ],
          "SSLCipher": "TLS_AES_256_GCM_SHA384",
          "SSLVersion": "TLS1.3"
        }
      ],
      "IncludeInScript": true
    },
    {
      "DomainName": "google-analytics.com",
      "Domains": [
        {
          "HTTPVersion": "HTTP/1.1",
          "IP": "142.250.193.142",
          "IncludeInScript": true,
          "Name": "www.google-analytics.com",
          "Port": 443,
          "Requests": [
            {
              "CompressionType": "",
              "DataType": "text/plain",
              "DownloadTime": 63,
              "EventId": 920,
              "HttpStatus": 204,
              "Size": 0,
              "URL": "https://www.google-analytics.com/g/collect?v=2&tid=G-WSM10MMEKC&gtm=45je41v0v9125911393za200&_p=1707213265666&gcd=13l3l3l3l2&npa=0&dma=0&ul=en-gb&sr=1280x720&cid=428343557.1707213281&uaa=x86&uab=64&uafvl=Not%2520A(Brand%3B99.0.0.0%7CGoogle%2520Chrome%3B121.0.6167.140%7CChromium%3B121.0.6167.140&uamb=0&uam=&uap=Windows&uapv=10.0.0&uaw=0&are=1&pscdl=noapi&_eu=ABAI&_s=1&dl=https%3A%2F%2Freqres.in%2F&dt=Reqres%20-%20A%20hosted%20REST-API%20ready%20to%20respond%20to%20your%20AJAX%20requests&sid=1707213282&sct=1&seg=0&en=page_view&_fv=1&_ss=1&_ee=1&tfd=18655"
            },
            {
              "CompressionType": "",
              "DataType": "text/plain",
              "DownloadTime": 63,
              "EventId": 900,
              "HttpStatus": 204,
              "Size": 0,
              "URL": "https://www.google-analytics.com/g/collect?v=2&tid=G-CESXN06JTW&gtm=45je41v0v9136517129za200&_p=1707213265666&gcd=13l3l3l3l1&npa=0&dma=0&cid=428343557.1707213281&ul=en-gb&sr=1280x720&uaa=x86&uab=64&uafvl=Not%2520A(Brand%3B99.0.0.0%7CGoogle%2520Chrome%3B121.0.6167.140%7CChromium%3B121.0.6167.140&uamb=0&uam=&uap=Windows&uapv=10.0.0&uaw=0&are=1&pscdl=noapi&_eu=AAAI&_s=1&sid=1707213281&sct=1&seg=0&dl=https%3A%2F%2Freqres.in%2F&dt=Reqres%20-%20A%20hosted%20REST-API%20ready%20to%20respond%20to%20your%20AJAX%20requests&en=page_view&_fv=1&_ss=1&tfd=18490"
            },
            {
              "CompressionType": "",
              "DataType": "text/plain",
              "DownloadTime": 78,
              "EventId": 882,
              "HttpStatus": 200,
              "Size": 1,
              "URL": "https://www.google-analytics.com/j/collect?v=1&_v=j101&a=379021412&t=pageview&_s=1&dl=https%3A%2F%2Freqres.in%2F&ul=en-gb&de=UTF-8&dt=Reqres%20-%20A%20hosted%20REST-API%20ready%20to%20respond%20to%20your%20AJAX%20requests&sd=24-bit&sr=1280x720&vp=1263x593&je=0&_u=aEDAAUABAAAAACAAI~&jid=1841325795&gjid=1724609736&cid=428343557.1707213281&tid=UA-174008107-1&_gid=1026438250.1707213281&_r=1&gtm=457e41v0za200&gcd=13l3l3l3l1&dma=0&jsscut=1&z=1982823989"
            },
            {
              "CompressionType": "",
              "DataType": "text/plain",
              "DownloadTime": 63,
              "EventId": 757,
              "HttpStatus": 200,
              "Size": 15,
              "URL": "https://www.google-analytics.com/j/collect?v=1&_v=j101&a=379021412&t=pageview&_s=1&dl=https%3A%2F%2Freqres.in%2F&ul=en-gb&de=UTF-8&dt=Reqres%20-%20A%20hosted%20REST-API%20ready%20to%20respond%20to%20your%20AJAX%20requests&sd=24-bit&sr=1280x720&vp=1263x593&je=0&_u=IEBAAEABAAAAACAAI~&jid=673040654&gjid=566140478&cid=428343557.1707213281&tid=UA-55888877-1&_gid=1026438250.1707213281&_r=1&_slc=1&z=1456414954"
            },
            {
              "CompressionType": "gzip",
              "DataType": "text/javascript",
              "DownloadTime": 32,
              "EventId": 668,
              "HttpStatus": 200,
              "Size": 20994,
              "URL": "https://www.google-analytics.com/analytics.js"
            }
          ],
          "SSLCipher": "TLS_AES_256_GCM_SHA384",
          "SSLVersion": "TLS1.3"
        }
      ],
      "IncludeInScript": true
    },
    {
      "DomainName": "githubusercontent.com",
      "Domains": [
        {
          "HTTPVersion": "HTTP/1.1",
          "IP": "185.199.110.133",
          "IncludeInScript": true,
          "Name": "raw.githubusercontent.com",
          "Port": 443,
          "Requests": [
            {
              "CompressionType": "gzip",
              "DataType": "text/plain",
              "DownloadTime": 16,
              "EventId": 1014,
              "HttpStatus": 200,
              "Size": 2470,
              "URL": "https://raw.githubusercontent.com/SchemaStore/schemastore/master/src/schemas/json/prettierrc.json"
            },
            {
              "CompressionType": "gzip",
              "DataType": "text/plain",
              "DownloadTime": 46,
              "EventId": 1005,
              "HttpStatus": 200,
              "Size": 5581,
              "URL": "https://raw.githubusercontent.com/SchemaStore/schemastore/master/src/schemas/json/package.json"
            },
            {
              "CompressionType": "gzip",
              "DataType": "text/plain",
              "DownloadTime": 31,
              "EventId": 994,
              "HttpStatus": 200,
              "Size": 11098,
              "URL": "https://raw.githubusercontent.com/SchemaStore/schemastore/master/src/schemas/json/tsconfig.json"
            },
            {
              "CompressionType": "gzip",
              "DataType": "text/plain",
              "DownloadTime": 31,
              "EventId": 983,
              "HttpStatus": 200,
              "Size": 8804,
              "URL": "https://raw.githubusercontent.com/SchemaStore/schemastore/master/src/schemas/json/jsconfig.json"
            }
          ],
          "SSLCipher": "TLS_AES_128_GCM_SHA256",
          "SSLVersion": "TLS1.3"
        },
        {
          "HTTPVersion": "HTTP/1.1",
          "IP": "185.199.108.133",
          "IncludeInScript": true,
          "Name": "avatars.githubusercontent.com",
          "Port": 443,
          "Requests": [
            {
              "CompressionType": "",
              "DataType": "image/jpeg",
              "DownloadTime": 16,
              "EventId": 867,
              "HttpStatus": 200,
              "Size": 19092,
              "URL": "https://avatars.githubusercontent.com/u/868803?v=4"
            }
          ],
          "SSLCipher": "TLS_AES_128_GCM_SHA256",
          "SSLVersion": "TLS1.3"
        }
      ],
      "IncludeInScript": true
    },
    {
      "DomainName": "digicert.com",
      "Domains": [
        {
          "HTTPVersion": "HTTP/1.1",
          "IP": "152.195.38.76",
          "IncludeInScript": true,
          "Name": "cacerts.digicert.com",
          "Port": 80,
          "Requests": [
            {
              "CompressionType": "",
              "DataType": "application/pkix-cert",
              "DownloadTime": 31,
              "EventId": 545,
              "HttpStatus": 200,
              "Size": 1210,
              "URL": "http://cacerts.digicert.com/DigiCertSHA2ExtendedValidationServerCA.crt"
            }
          ],
          "SSLCipher": "None",
          "SSLVersion": "None"
        }
      ],
      "IncludeInScript": true
    },
    {
      "DomainName": "codesandbox.io",
      "Domains": [
        {
          "HTTPVersion": "HTTP/1.1",
          "IP": "104.18.33.149",
          "IncludeInScript": true,
          "Name": "codesandbox.io",
          "Port": 443,
          "Requests": [
            {
              "CompressionType": "br",
              "DataType": "application/javascript",
              "DownloadTime": 47,
              "EventId": 1308,
              "HttpStatus": 200,
              "Size": 4185,
              "URL": "https://codesandbox.io/monaco-typings-ata.1ade573d.worker.js"
            },
            {
              "CompressionType": "br",
              "DataType": "application/javascript",
              "DownloadTime": 78,
              "EventId": 1217,
              "HttpStatus": 200,
              "Size": 13906,
              "URL": "https://codesandbox.io/static/js/0.681043136.chunk.js"
            },
            {
              "CompressionType": "br",
              "DataType": "application/javascript",
              "DownloadTime": 31,
              "EventId": 1196,
              "HttpStatus": 200,
              "Size": 154600,
              "URL": "https://codesandbox.io/static/js/2.77529c16f.chunk.js"
            },
            {
              "CompressionType": "br",
              "DataType": "application/javascript",
              "DownloadTime": 63,
              "EventId": 1184,
              "HttpStatus": 200,
              "Size": 9718,
              "URL": "https://codesandbox.io/static/js/1.390d5cd6d.chunk.js"
            },
            {
              "CompressionType": "br",
              "DataType": "application/javascript",
              "DownloadTime": 31,
              "EventId": 1178,
              "HttpStatus": 200,
              "Size": 4095,
              "URL": "https://codesandbox.io/static/js/7.14bd680f6.chunk.js"
            }
          ],
          "SSLCipher": "TLS_AES_256_GCM_SHA384",
          "SSLVersion": "TLS1.3"
        }
      ],
      "IncludeInScript": true
    },
    {
      "DomainName": "cloudflareinsights.com",
      "Domains": [
        {
          "HTTPVersion": "HTTP/1.1",
          "IP": "104.16.56.101",
          "IncludeInScript": true,
          "Name": "static.cloudflareinsights.com",
          "Port": 443,
          "Requests": [
            {
              "CompressionType": "gzip",
              "DataType": "text/javascript",
              "DownloadTime": 62,
              "EventId": 824,
              "HttpStatus": 200,
              "Size": 6854,
              "URL": "https://static.cloudflareinsights.com/beacon.min.js/v84a3a4012de94ce1a686ba8c167c359c1696973893317"
            }
          ],
          "SSLCipher": "TLS_AES_256_GCM_SHA384",
          "SSLVersion": "TLS1.3"
        }
      ],
      "IncludeInScript": true
    },
    {
      "DomainName": "carbonads.com",
      "Domains": [
        {
          "HTTPVersion": "HTTP/1.1",
          "IP": "108.159.15.78",
          "IncludeInScript": true,
          "Name": "cdn.carbonads.com",
          "Port": 443,
          "Requests": [
            {
              "CompressionType": "gzip",
              "DataType": "application/javascript",
              "DownloadTime": 31,
              "EventId": 646,
              "HttpStatus": 200,
              "Size": 9716,
              "URL": "https://cdn.carbonads.com/carbon.js?serve=CE7D6K3E&placement=reqresin"
            }
          ],
          "SSLCipher": "",
          "SSLVersion": ""
        }
      ],
      "IncludeInScript": false
    },
    {
      "DomainName": "buysellads.com",
      "Domains": [
        {
          "HTTPVersion": "HTTP/1.1",
          "IP": "68.183.230.54",
          "IncludeInScript": true,
          "Name": "srv.buysellads.com",
          "Port": 443,
          "Requests": [
            {
              "CompressionType": "gzip",
              "DataType": "application/json",
              "DownloadTime": 78,
              "EventId": 715,
              "HttpStatus": 200,
              "Size": 499,
              "URL": "https://srv.buysellads.com/ads/CEBIP53J.json?segment=placement:reqresin-sponsor"
            },
            {
              "CompressionType": "gzip",
              "DataType": "",
              "DownloadTime": 94,
              "EventId": 710,
              "HttpStatus": 200,
              "Size": 23,
              "URL": "https://srv.buysellads.com/ads/CEBIP53J.json?segment=placement:reqresin-sponsor"
            }
          ],
          "SSLCipher": "",
          "SSLVersion": ""
        }
      ],
      "IncludeInScript": true
    }
  ],
  "WebSocket": {
    "IncludeInScript": false,
    "IsScriptIncludeWebSocket": false
  },
  "NumberOfCorrelations": 4
}